id,x,y
110,411666.1228,6080495.863
111,415666.1228,6080495.863
112,419666.1228,6080495.863
113,423666.1228,6080495.863
114,427666.1228,6080495.863
115,431666.1228,6080495.863
178,403666.1228,6076495.863
179,407666.1228,6076495.863
180,411666.1228,6076495.863
181,415666.1228,6076495.863
182,419666.1228,6076495.863
183,423666.1228,6076495.863
184,427666.1228,6076495.863
185,431666.1228,6076495.863
186,435666.1228,6076495.863
187,439666.1228,6076495.863
247,399666.1228,6072495.863
248,403666.1228,6072495.863
249,407666.1228,6072495.863
250,411666.1228,6072495.863
251,415666.1228,6072495.863
252,419666.1228,6072495.863
253,423666.1228,6072495.863
254,427666.1228,6072495.863
255,431666.1228,6072495.863
256,435666.1228,6072495.863
257,439666.1228,6072495.863
258,443666.1228,6072495.863
259,447666.1228,6072495.863
316,395666.1228,6068495.863
317,399666.1228,6068495.863
318,403666.1228,6068495.863
319,407666.1228,6068495.863
320,411666.1228,6068495.863
321,415666.1228,6068495.863
322,419666.1228,6068495.863
323,423666.1228,6068495.863
324,427666.1228,6068495.863
325,431666.1228,6068495.863
326,435666.1228,6068495.863
327,439666.1228,6068495.863
328,443666.1228,6068495.863
329,447666.1228,6068495.863
330,451666.1228,6068495.863
385,391666.1228,6064495.863
386,395666.1228,6064495.863
387,399666.1228,6064495.863
388,403666.1228,6064495.863
389,407666.1228,6064495.863
390,411666.1228,6064495.863
391,415666.1228,6064495.863
392,419666.1228,6064495.863
393,423666.1228,6064495.863
394,427666.1228,6064495.863
395,431666.1228,6064495.863
396,435666.1228,6064495.863
397,439666.1228,6064495.863
398,443666.1228,6064495.863
399,447666.1228,6064495.863
400,451666.1228,6064495.863
454,387666.1228,6060495.863
455,391666.1228,6060495.863
456,395666.1228,6060495.863
457,399666.1228,6060495.863
458,403666.1228,6060495.863
459,407666.1228,6060495.863
460,411666.1228,6060495.863
461,415666.1228,6060495.863
462,419666.1228,6060495.863
463,423666.1228,6060495.863
464,427666.1228,6060495.863
465,431666.1228,6060495.863
466,435666.1228,6060495.863
467,439666.1228,6060495.863
468,443666.1228,6060495.863
469,447666.1228,6060495.863
470,451666.1228,6060495.863
471,455666.1228,6060495.863
524,387666.1228,6056495.863
525,391666.1228,6056495.863
526,395666.1228,6056495.863
527,399666.1228,6056495.863
528,403666.1228,6056495.863
529,407666.1228,6056495.863
530,411666.1228,6056495.863
531,415666.1228,6056495.863
532,419666.1228,6056495.863
533,423666.1228,6056495.863
534,427666.1228,6056495.863
535,431666.1228,6056495.863
536,435666.1228,6056495.863
537,439666.1228,6056495.863
538,443666.1228,6056495.863
539,447666.1228,6056495.863
540,451666.1228,6056495.863
541,455666.1228,6056495.863
542,459666.1228,6056495.863
593,383666.1228,6052495.863
594,387666.1228,6052495.863
595,391666.1228,6052495.863
596,395666.1228,6052495.863
597,399666.1228,6052495.863
598,403666.1228,6052495.863
599,407666.1228,6052495.863
600,411666.1228,6052495.863
601,415666.1228,6052495.863
602,419666.1228,6052495.863
603,423666.1228,6052495.863
604,427666.1228,6052495.863
605,431666.1228,6052495.863
606,435666.1228,6052495.863
607,439666.1228,6052495.863
608,443666.1228,6052495.863
609,447666.1228,6052495.863
610,451666.1228,6052495.863
611,455666.1228,6052495.863
612,459666.1228,6052495.863
663,383666.1228,6048495.863
664,387666.1228,6048495.863
665,391666.1228,6048495.863
666,395666.1228,6048495.863
667,399666.1228,6048495.863
668,403666.1228,6048495.863
669,407666.1228,6048495.863
670,411666.1228,6048495.863
671,415666.1228,6048495.863
672,419666.1228,6048495.863
673,423666.1228,6048495.863
674,427666.1228,6048495.863
675,431666.1228,6048495.863
676,435666.1228,6048495.863
677,439666.1228,6048495.863
678,443666.1228,6048495.863
679,447666.1228,6048495.863
680,451666.1228,6048495.863
681,455666.1228,6048495.863
682,459666.1228,6048495.863
732,379666.1228,6044495.863
733,383666.1228,6044495.863
734,387666.1228,6044495.863
735,391666.1228,6044495.863
736,395666.1228,6044495.863
737,399666.1228,6044495.863
738,403666.1228,6044495.863
739,407666.1228,6044495.863
740,411666.1228,6044495.863
741,415666.1228,6044495.863
742,419666.1228,6044495.863
743,423666.1228,6044495.863
744,427666.1228,6044495.863
745,431666.1228,6044495.863
746,435666.1228,6044495.863
747,439666.1228,6044495.863
748,443666.1228,6044495.863
749,447666.1228,6044495.863
750,451666.1228,6044495.863
751,455666.1228,6044495.863
752,459666.1228,6044495.863
802,379666.1228,6040495.863
803,383666.1228,6040495.863
804,387666.1228,6040495.863
805,391666.1228,6040495.863
806,395666.1228,6040495.863
807,399666.1228,6040495.863
808,403666.1228,6040495.863
809,407666.1228,6040495.863
810,411666.1228,6040495.863
811,415666.1228,6040495.863
812,419666.1228,6040495.863
813,423666.1228,6040495.863
814,427666.1228,6040495.863
815,431666.1228,6040495.863
816,435666.1228,6040495.863
817,439666.1228,6040495.863
818,443666.1228,6040495.863
819,447666.1228,6040495.863
820,451666.1228,6040495.863
821,455666.1228,6040495.863
822,459666.1228,6040495.863
871,375666.1228,6036495.863
872,379666.1228,6036495.863
873,383666.1228,6036495.863
874,387666.1228,6036495.863
875,391666.1228,6036495.863
876,395666.1228,6036495.863
877,399666.1228,6036495.863
878,403666.1228,6036495.863
879,407666.1228,6036495.863
880,411666.1228,6036495.863
881,415666.1228,6036495.863
882,419666.1228,6036495.863
883,423666.1228,6036495.863
884,427666.1228,6036495.863
885,431666.1228,6036495.863
886,435666.1228,6036495.863
887,439666.1228,6036495.863
888,443666.1228,6036495.863
889,447666.1228,6036495.863
890,451666.1228,6036495.863
891,455666.1228,6036495.863
892,459666.1228,6036495.863
939,367666.1228,6032495.863
940,371666.1228,6032495.863
941,375666.1228,6032495.863
942,379666.1228,6032495.863
943,383666.1228,6032495.863
944,387666.1228,6032495.863
945,391666.1228,6032495.863
946,395666.1228,6032495.863
947,399666.1228,6032495.863
948,403666.1228,6032495.863
949,407666.1228,6032495.863
950,411666.1228,6032495.863
951,415666.1228,6032495.863
952,419666.1228,6032495.863
953,423666.1228,6032495.863
954,427666.1228,6032495.863
955,431666.1228,6032495.863
956,435666.1228,6032495.863
957,439666.1228,6032495.863
958,443666.1228,6032495.863
959,447666.1228,6032495.863
960,451666.1228,6032495.863
961,455666.1228,6032495.863
962,459666.1228,6032495.863
1008,363666.1228,6028495.863
1009,367666.1228,6028495.863
1010,371666.1228,6028495.863
1011,375666.1228,6028495.863
1012,379666.1228,6028495.863
1013,383666.1228,6028495.863
1014,387666.1228,6028495.863
1015,391666.1228,6028495.863
1016,395666.1228,6028495.863
1017,399666.1228,6028495.863
1018,403666.1228,6028495.863
1019,407666.1228,6028495.863
1020,411666.1228,6028495.863
1021,415666.1228,6028495.863
1022,419666.1228,6028495.863
1023,423666.1228,6028495.863
1024,427666.1228,6028495.863
1025,431666.1228,6028495.863
1026,435666.1228,6028495.863
1027,439666.1228,6028495.863
1028,443666.1228,6028495.863
1029,447666.1228,6028495.863
1030,451666.1228,6028495.863
1031,455666.1228,6028495.863
1032,459666.1228,6028495.863
1076,355666.1228,6024495.863
1077,359666.1228,6024495.863
1078,363666.1228,6024495.863
1079,367666.1228,6024495.863
1080,371666.1228,6024495.863
1081,375666.1228,6024495.863
1082,379666.1228,6024495.863
1083,383666.1228,6024495.863
1084,387666.1228,6024495.863
1085,391666.1228,6024495.863
1086,395666.1228,6024495.863
1087,399666.1228,6024495.863
1088,403666.1228,6024495.863
1089,407666.1228,6024495.863
1090,411666.1228,6024495.863
1091,415666.1228,6024495.863
1092,419666.1228,6024495.863
1093,423666.1228,6024495.863
1094,427666.1228,6024495.863
1095,431666.1228,6024495.863
1096,435666.1228,6024495.863
1097,439666.1228,6024495.863
1098,443666.1228,6024495.863
1099,447666.1228,6024495.863
1100,451666.1228,6024495.863
1101,455666.1228,6024495.863
1144,347666.1228,6020495.863
1145,351666.1228,6020495.863
1146,355666.1228,6020495.863
1147,359666.1228,6020495.863
1148,363666.1228,6020495.863
1149,367666.1228,6020495.863
1150,371666.1228,6020495.863
1151,375666.1228,6020495.863
1152,379666.1228,6020495.863
1153,383666.1228,6020495.863
1154,387666.1228,6020495.863
1155,391666.1228,6020495.863
1156,395666.1228,6020495.863
1157,399666.1228,6020495.863
1158,403666.1228,6020495.863
1159,407666.1228,6020495.863
1160,411666.1228,6020495.863
1161,415666.1228,6020495.863
1162,419666.1228,6020495.863
1163,423666.1228,6020495.863
1164,427666.1228,6020495.863
1165,431666.1228,6020495.863
1166,435666.1228,6020495.863
1167,439666.1228,6020495.863
1168,443666.1228,6020495.863
1169,447666.1228,6020495.863
1170,451666.1228,6020495.863
1171,455666.1228,6020495.863
1213,343666.1228,6016495.863
1214,347666.1228,6016495.863
1215,351666.1228,6016495.863
1216,355666.1228,6016495.863
1217,359666.1228,6016495.863
1218,363666.1228,6016495.863
1219,367666.1228,6016495.863
1220,371666.1228,6016495.863
1221,375666.1228,6016495.863
1222,379666.1228,6016495.863
1223,383666.1228,6016495.863
1224,387666.1228,6016495.863
1225,391666.1228,6016495.863
1226,395666.1228,6016495.863
1227,399666.1228,6016495.863
1228,403666.1228,6016495.863
1229,407666.1228,6016495.863
1230,411666.1228,6016495.863
1231,415666.1228,6016495.863
1232,419666.1228,6016495.863
1233,423666.1228,6016495.863
1234,427666.1228,6016495.863
1235,431666.1228,6016495.863
1236,435666.1228,6016495.863
1237,439666.1228,6016495.863
1238,443666.1228,6016495.863
1239,447666.1228,6016495.863
1240,451666.1228,6016495.863
1272,299666.1228,6012495.863
1273,303666.1228,6012495.863
1274,307666.1228,6012495.863
1275,311666.1228,6012495.863
1276,315666.1228,6012495.863
1277,319666.1228,6012495.863
1278,323666.1228,6012495.863
1279,327666.1228,6012495.863
1280,331666.1228,6012495.863
1281,335666.1228,6012495.863
1282,339666.1228,6012495.863
1283,343666.1228,6012495.863
1284,347666.1228,6012495.863
1285,351666.1228,6012495.863
1286,355666.1228,6012495.863
1287,359666.1228,6012495.863
1288,363666.1228,6012495.863
1289,367666.1228,6012495.863
1290,371666.1228,6012495.863
1291,375666.1228,6012495.863
1292,379666.1228,6012495.863
1293,383666.1228,6012495.863
1294,387666.1228,6012495.863
1295,391666.1228,6012495.863
1296,395666.1228,6012495.863
1297,399666.1228,6012495.863
1298,403666.1228,6012495.863
1299,407666.1228,6012495.863
1300,411666.1228,6012495.863
1301,415666.1228,6012495.863
1302,419666.1228,6012495.863
1303,423666.1228,6012495.863
1304,427666.1228,6012495.863
1305,431666.1228,6012495.863
1306,435666.1228,6012495.863
1307,439666.1228,6012495.863
1308,443666.1228,6012495.863
1309,447666.1228,6012495.863
1310,451666.1228,6012495.863
1340,291666.1228,6008495.863
1341,295666.1228,6008495.863
1342,299666.1228,6008495.863
1343,303666.1228,6008495.863
1344,307666.1228,6008495.863
1345,311666.1228,6008495.863
1346,315666.1228,6008495.863
1347,319666.1228,6008495.863
1348,323666.1228,6008495.863
1349,327666.1228,6008495.863
1350,331666.1228,6008495.863
1351,335666.1228,6008495.863
1352,339666.1228,6008495.863
1353,343666.1228,6008495.863
1354,347666.1228,6008495.863
1355,351666.1228,6008495.863
1356,355666.1228,6008495.863
1357,359666.1228,6008495.863
1358,363666.1228,6008495.863
1359,367666.1228,6008495.863
1360,371666.1228,6008495.863
1361,375666.1228,6008495.863
1362,379666.1228,6008495.863
1363,383666.1228,6008495.863
1364,387666.1228,6008495.863
1365,391666.1228,6008495.863
1366,395666.1228,6008495.863
1367,399666.1228,6008495.863
1368,403666.1228,6008495.863
1369,407666.1228,6008495.863
1370,411666.1228,6008495.863
1371,415666.1228,6008495.863
1372,419666.1228,6008495.863
1373,423666.1228,6008495.863
1374,427666.1228,6008495.863
1375,431666.1228,6008495.863
1376,435666.1228,6008495.863
1377,439666.1228,6008495.863
1378,443666.1228,6008495.863
1379,447666.1228,6008495.863
1408,283666.1228,6004495.863
1409,287666.1228,6004495.863
1410,291666.1228,6004495.863
1411,295666.1228,6004495.863
1412,299666.1228,6004495.863
1413,303666.1228,6004495.863
1414,307666.1228,6004495.863
1415,311666.1228,6004495.863
1416,315666.1228,6004495.863
1417,319666.1228,6004495.863
1418,323666.1228,6004495.863
1419,327666.1228,6004495.863
1420,331666.1228,6004495.863
1421,335666.1228,6004495.863
1422,339666.1228,6004495.863
1423,343666.1228,6004495.863
1424,347666.1228,6004495.863
1425,351666.1228,6004495.863
1426,355666.1228,6004495.863
1427,359666.1228,6004495.863
1428,363666.1228,6004495.863
1429,367666.1228,6004495.863
1430,371666.1228,6004495.863
1431,375666.1228,6004495.863
1432,379666.1228,6004495.863
1433,383666.1228,6004495.863
1434,387666.1228,6004495.863
1435,391666.1228,6004495.863
1436,395666.1228,6004495.863
1437,399666.1228,6004495.863
1438,403666.1228,6004495.863
1439,407666.1228,6004495.863
1440,411666.1228,6004495.863
1441,415666.1228,6004495.863
1442,419666.1228,6004495.863
1443,423666.1228,6004495.863
1444,427666.1228,6004495.863
1445,431666.1228,6004495.863
1446,435666.1228,6004495.863
1447,439666.1228,6004495.863
1448,443666.1228,6004495.863
1449,447666.1228,6004495.863
1477,279666.1228,6000495.863
1478,283666.1228,6000495.863
1479,287666.1228,6000495.863
1480,291666.1228,6000495.863
1481,295666.1228,6000495.863
1482,299666.1228,6000495.863
1483,303666.1228,6000495.863
1484,307666.1228,6000495.863
1485,311666.1228,6000495.863
1486,315666.1228,6000495.863
1487,319666.1228,6000495.863
1488,323666.1228,6000495.863
1489,327666.1228,6000495.863
1490,331666.1228,6000495.863
1491,335666.1228,6000495.863
1492,339666.1228,6000495.863
1493,343666.1228,6000495.863
1494,347666.1228,6000495.863
1495,351666.1228,6000495.863
1496,355666.1228,6000495.863
1497,359666.1228,6000495.863
1498,363666.1228,6000495.863
1499,367666.1228,6000495.863
1500,371666.1228,6000495.863
1501,375666.1228,6000495.863
1502,379666.1228,6000495.863
1503,383666.1228,6000495.863
1504,387666.1228,6000495.863
1505,391666.1228,6000495.863
1506,395666.1228,6000495.863
1507,399666.1228,6000495.863
1508,403666.1228,6000495.863
1509,407666.1228,6000495.863
1510,411666.1228,6000495.863
1511,415666.1228,6000495.863
1512,419666.1228,6000495.863
1513,423666.1228,6000495.863
1514,427666.1228,6000495.863
1515,431666.1228,6000495.863
1516,435666.1228,6000495.863
1517,439666.1228,6000495.863
1518,443666.1228,6000495.863
1547,279666.1228,5996495.863
1548,283666.1228,5996495.863
1549,287666.1228,5996495.863
1550,291666.1228,5996495.863
1551,295666.1228,5996495.863
1552,299666.1228,5996495.863
1553,303666.1228,5996495.863
1554,307666.1228,5996495.863
1555,311666.1228,5996495.863
1556,315666.1228,5996495.863
1557,319666.1228,5996495.863
1558,323666.1228,5996495.863
1559,327666.1228,5996495.863
1560,331666.1228,5996495.863
1561,335666.1228,5996495.863
1562,339666.1228,5996495.863
1563,343666.1228,5996495.863
1564,347666.1228,5996495.863
1565,351666.1228,5996495.863
1566,355666.1228,5996495.863
1567,359666.1228,5996495.863
1568,363666.1228,5996495.863
1569,367666.1228,5996495.863
1570,371666.1228,5996495.863
1571,375666.1228,5996495.863
1572,379666.1228,5996495.863
1573,383666.1228,5996495.863
1574,387666.1228,5996495.863
1575,391666.1228,5996495.863
1576,395666.1228,5996495.863
1577,399666.1228,5996495.863
1578,403666.1228,5996495.863
1579,407666.1228,5996495.863
1580,411666.1228,5996495.863
1581,415666.1228,5996495.863
1582,419666.1228,5996495.863
1583,423666.1228,5996495.863
1584,427666.1228,5996495.863
1585,431666.1228,5996495.863
1586,435666.1228,5996495.863
1587,439666.1228,5996495.863
1588,443666.1228,5996495.863
1616,275666.1228,5992495.863
1617,279666.1228,5992495.863
1618,283666.1228,5992495.863
1619,287666.1228,5992495.863
1620,291666.1228,5992495.863
1621,295666.1228,5992495.863
1622,299666.1228,5992495.863
1623,303666.1228,5992495.863
1624,307666.1228,5992495.863
1625,311666.1228,5992495.863
1626,315666.1228,5992495.863
1627,319666.1228,5992495.863
1628,323666.1228,5992495.863
1629,327666.1228,5992495.863
1630,331666.1228,5992495.863
1631,335666.1228,5992495.863
1632,339666.1228,5992495.863
1633,343666.1228,5992495.863
1634,347666.1228,5992495.863
1635,351666.1228,5992495.863
1636,355666.1228,5992495.863
1637,359666.1228,5992495.863
1638,363666.1228,5992495.863
1639,367666.1228,5992495.863
1640,371666.1228,5992495.863
1641,375666.1228,5992495.863
1642,379666.1228,5992495.863
1643,383666.1228,5992495.863
1644,387666.1228,5992495.863
1645,391666.1228,5992495.863
1646,395666.1228,5992495.863
1647,399666.1228,5992495.863
1648,403666.1228,5992495.863
1649,407666.1228,5992495.863
1650,411666.1228,5992495.863
1651,415666.1228,5992495.863
1652,419666.1228,5992495.863
1653,423666.1228,5992495.863
1654,427666.1228,5992495.863
1655,431666.1228,5992495.863
1656,435666.1228,5992495.863
1657,439666.1228,5992495.863
1658,443666.1228,5992495.863
1685,271666.1228,5988495.863
1686,275666.1228,5988495.863
1687,279666.1228,5988495.863
1688,283666.1228,5988495.863
1689,287666.1228,5988495.863
1690,291666.1228,5988495.863
1691,295666.1228,5988495.863
1692,299666.1228,5988495.863
1693,303666.1228,5988495.863
1694,307666.1228,5988495.863
1695,311666.1228,5988495.863
1696,315666.1228,5988495.863
1697,319666.1228,5988495.863
1698,323666.1228,5988495.863
1699,327666.1228,5988495.863
1700,331666.1228,5988495.863
1701,335666.1228,5988495.863
1702,339666.1228,5988495.863
1703,343666.1228,5988495.863
1704,347666.1228,5988495.863
1705,351666.1228,5988495.863
1706,355666.1228,5988495.863
1707,359666.1228,5988495.863
1708,363666.1228,5988495.863
1709,367666.1228,5988495.863
1710,371666.1228,5988495.863
1711,375666.1228,5988495.863
1712,379666.1228,5988495.863
1713,383666.1228,5988495.863
1714,387666.1228,5988495.863
1715,391666.1228,5988495.863
1716,395666.1228,5988495.863
1717,399666.1228,5988495.863
1718,403666.1228,5988495.863
1719,407666.1228,5988495.863
1720,411666.1228,5988495.863
1721,415666.1228,5988495.863
1722,419666.1228,5988495.863
1723,423666.1228,5988495.863
1724,427666.1228,5988495.863
1725,431666.1228,5988495.863
1726,435666.1228,5988495.863
1727,439666.1228,5988495.863
1728,443666.1228,5988495.863
1755,271666.1228,5984495.863
1756,275666.1228,5984495.863
1757,279666.1228,5984495.863
1758,283666.1228,5984495.863
1759,287666.1228,5984495.863
1760,291666.1228,5984495.863
1761,295666.1228,5984495.863
1762,299666.1228,5984495.863
1763,303666.1228,5984495.863
1764,307666.1228,5984495.863
1765,311666.1228,5984495.863
1766,315666.1228,5984495.863
1767,319666.1228,5984495.863
1768,323666.1228,5984495.863
1769,327666.1228,5984495.863
1770,331666.1228,5984495.863
1771,335666.1228,5984495.863
1772,339666.1228,5984495.863
1773,343666.1228,5984495.863
1774,347666.1228,5984495.863
1775,351666.1228,5984495.863
1776,355666.1228,5984495.863
1777,359666.1228,5984495.863
1778,363666.1228,5984495.863
1779,367666.1228,5984495.863
1780,371666.1228,5984495.863
1781,375666.1228,5984495.863
1782,379666.1228,5984495.863
1783,383666.1228,5984495.863
1784,387666.1228,5984495.863
1785,391666.1228,5984495.863
1786,395666.1228,5984495.863
1787,399666.1228,5984495.863
1788,403666.1228,5984495.863
1789,407666.1228,5984495.863
1790,411666.1228,5984495.863
1791,415666.1228,5984495.863
1792,419666.1228,5984495.863
1793,423666.1228,5984495.863
1794,427666.1228,5984495.863
1795,431666.1228,5984495.863
1796,435666.1228,5984495.863
1797,439666.1228,5984495.863
1798,443666.1228,5984495.863
1799,447666.1228,5984495.863
1824,267666.1228,5980495.863
1825,271666.1228,5980495.863
1826,275666.1228,5980495.863
1827,279666.1228,5980495.863
1828,283666.1228,5980495.863
1829,287666.1228,5980495.863
1830,291666.1228,5980495.863
1831,295666.1228,5980495.863
1832,299666.1228,5980495.863
1833,303666.1228,5980495.863
1834,307666.1228,5980495.863
1835,311666.1228,5980495.863
1836,315666.1228,5980495.863
1837,319666.1228,5980495.863
1838,323666.1228,5980495.863
1839,327666.1228,5980495.863
1840,331666.1228,5980495.863
1841,335666.1228,5980495.863
1842,339666.1228,5980495.863
1843,343666.1228,5980495.863
1844,347666.1228,5980495.863
1845,351666.1228,5980495.863
1846,355666.1228,5980495.863
1847,359666.1228,5980495.863
1848,363666.1228,5980495.863
1849,367666.1228,5980495.863
1850,371666.1228,5980495.863
1851,375666.1228,5980495.863
1852,379666.1228,5980495.863
1853,383666.1228,5980495.863
1854,387666.1228,5980495.863
1855,391666.1228,5980495.863
1856,395666.1228,5980495.863
1857,399666.1228,5980495.863
1858,403666.1228,5980495.863
1859,407666.1228,5980495.863
1860,411666.1228,5980495.863
1861,415666.1228,5980495.863
1862,419666.1228,5980495.863
1863,423666.1228,5980495.863
1864,427666.1228,5980495.863
1865,431666.1228,5980495.863
1866,435666.1228,5980495.863
1867,439666.1228,5980495.863
1868,443666.1228,5980495.863
1869,447666.1228,5980495.863
1894,267666.1228,5976495.863
1895,271666.1228,5976495.863
1896,275666.1228,5976495.863
1897,279666.1228,5976495.863
1898,283666.1228,5976495.863
1899,287666.1228,5976495.863
1900,291666.1228,5976495.863
1901,295666.1228,5976495.863
1902,299666.1228,5976495.863
1903,303666.1228,5976495.863
1904,307666.1228,5976495.863
1905,311666.1228,5976495.863
1906,315666.1228,5976495.863
1907,319666.1228,5976495.863
1908,323666.1228,5976495.863
1909,327666.1228,5976495.863
1910,331666.1228,5976495.863
1911,335666.1228,5976495.863
1912,339666.1228,5976495.863
1913,343666.1228,5976495.863
1914,347666.1228,5976495.863
1915,351666.1228,5976495.863
1916,355666.1228,5976495.863
1917,359666.1228,5976495.863
1918,363666.1228,5976495.863
1919,367666.1228,5976495.863
1920,371666.1228,5976495.863
1921,375666.1228,5976495.863
1922,379666.1228,5976495.863
1923,383666.1228,5976495.863
1924,387666.1228,5976495.863
1925,391666.1228,5976495.863
1926,395666.1228,5976495.863
1927,399666.1228,5976495.863
1928,403666.1228,5976495.863
1929,407666.1228,5976495.863
1930,411666.1228,5976495.863
1931,415666.1228,5976495.863
1932,419666.1228,5976495.863
1933,423666.1228,5976495.863
1934,427666.1228,5976495.863
1935,431666.1228,5976495.863
1936,435666.1228,5976495.863
1937,439666.1228,5976495.863
1938,443666.1228,5976495.863
1939,447666.1228,5976495.863
1964,267666.1228,5972495.863
1965,271666.1228,5972495.863
1966,275666.1228,5972495.863
1967,279666.1228,5972495.863
1968,283666.1228,5972495.863
1969,287666.1228,5972495.863
1970,291666.1228,5972495.863
1971,295666.1228,5972495.863
1972,299666.1228,5972495.863
1973,303666.1228,5972495.863
1974,307666.1228,5972495.863
1975,311666.1228,5972495.863
1976,315666.1228,5972495.863
1977,319666.1228,5972495.863
1978,323666.1228,5972495.863
1979,327666.1228,5972495.863
1980,331666.1228,5972495.863
1981,335666.1228,5972495.863
1982,339666.1228,5972495.863
1983,343666.1228,5972495.863
1984,347666.1228,5972495.863
1985,351666.1228,5972495.863
1986,355666.1228,5972495.863
1987,359666.1228,5972495.863
1988,363666.1228,5972495.863
1989,367666.1228,5972495.863
1990,371666.1228,5972495.863
1991,375666.1228,5972495.863
1992,379666.1228,5972495.863
1993,383666.1228,5972495.863
1994,387666.1228,5972495.863
1995,391666.1228,5972495.863
1996,395666.1228,5972495.863
1997,399666.1228,5972495.863
1998,403666.1228,5972495.863
1999,407666.1228,5972495.863
2000,411666.1228,5972495.863
2001,415666.1228,5972495.863
2002,419666.1228,5972495.863
2003,423666.1228,5972495.863
2004,427666.1228,5972495.863
2005,431666.1228,5972495.863
2006,435666.1228,5972495.863
2007,439666.1228,5972495.863
2008,443666.1228,5972495.863
2009,447666.1228,5972495.863
2034,267666.1228,5968495.863
2035,271666.1228,5968495.863
2036,275666.1228,5968495.863
2037,279666.1228,5968495.863
2038,283666.1228,5968495.863
2039,287666.1228,5968495.863
2040,291666.1228,5968495.863
2041,295666.1228,5968495.863
2042,299666.1228,5968495.863
2043,303666.1228,5968495.863
2044,307666.1228,5968495.863
2045,311666.1228,5968495.863
2046,315666.1228,5968495.863
2047,319666.1228,5968495.863
2048,323666.1228,5968495.863
2049,327666.1228,5968495.863
2050,331666.1228,5968495.863
2051,335666.1228,5968495.863
2052,339666.1228,5968495.863
2053,343666.1228,5968495.863
2054,347666.1228,5968495.863
2055,351666.1228,5968495.863
2056,355666.1228,5968495.863
2057,359666.1228,5968495.863
2058,363666.1228,5968495.863
2059,367666.1228,5968495.863
2060,371666.1228,5968495.863
2061,375666.1228,5968495.863
2062,379666.1228,5968495.863
2063,383666.1228,5968495.863
2064,387666.1228,5968495.863
2065,391666.1228,5968495.863
2066,395666.1228,5968495.863
2067,399666.1228,5968495.863
2068,403666.1228,5968495.863
2069,407666.1228,5968495.863
2070,411666.1228,5968495.863
2071,415666.1228,5968495.863
2072,419666.1228,5968495.863
2073,423666.1228,5968495.863
2074,427666.1228,5968495.863
2075,431666.1228,5968495.863
2076,435666.1228,5968495.863
2077,439666.1228,5968495.863
2078,443666.1228,5968495.863
2079,447666.1228,5968495.863
2104,267666.1228,5964495.863
2105,271666.1228,5964495.863
2106,275666.1228,5964495.863
2107,279666.1228,5964495.863
2108,283666.1228,5964495.863
2109,287666.1228,5964495.863
2110,291666.1228,5964495.863
2111,295666.1228,5964495.863
2112,299666.1228,5964495.863
2113,303666.1228,5964495.863
2114,307666.1228,5964495.863
2115,311666.1228,5964495.863
2116,315666.1228,5964495.863
2117,319666.1228,5964495.863
2118,323666.1228,5964495.863
2119,327666.1228,5964495.863
2120,331666.1228,5964495.863
2121,335666.1228,5964495.863
2122,339666.1228,5964495.863
2123,343666.1228,5964495.863
2124,347666.1228,5964495.863
2125,351666.1228,5964495.863
2126,355666.1228,5964495.863
2127,359666.1228,5964495.863
2128,363666.1228,5964495.863
2129,367666.1228,5964495.863
2130,371666.1228,5964495.863
2131,375666.1228,5964495.863
2132,379666.1228,5964495.863
2133,383666.1228,5964495.863
2134,387666.1228,5964495.863
2135,391666.1228,5964495.863
2136,395666.1228,5964495.863
2137,399666.1228,5964495.863
2138,403666.1228,5964495.863
2139,407666.1228,5964495.863
2140,411666.1228,5964495.863
2141,415666.1228,5964495.863
2142,419666.1228,5964495.863
2143,423666.1228,5964495.863
2144,427666.1228,5964495.863
2145,431666.1228,5964495.863
2146,435666.1228,5964495.863
2147,439666.1228,5964495.863
2148,443666.1228,5964495.863
2149,447666.1228,5964495.863
2174,267666.1228,5960495.863
2175,271666.1228,5960495.863
2176,275666.1228,5960495.863
2177,279666.1228,5960495.863
2178,283666.1228,5960495.863
2179,287666.1228,5960495.863
2180,291666.1228,5960495.863
2181,295666.1228,5960495.863
2182,299666.1228,5960495.863
2183,303666.1228,5960495.863
2184,307666.1228,5960495.863
2185,311666.1228,5960495.863
2186,315666.1228,5960495.863
2187,319666.1228,5960495.863
2188,323666.1228,5960495.863
2189,327666.1228,5960495.863
2190,331666.1228,5960495.863
2191,335666.1228,5960495.863
2192,339666.1228,5960495.863
2193,343666.1228,5960495.863
2194,347666.1228,5960495.863
2195,351666.1228,5960495.863
2196,355666.1228,5960495.863
2197,359666.1228,5960495.863
2198,363666.1228,5960495.863
2199,367666.1228,5960495.863
2200,371666.1228,5960495.863
2201,375666.1228,5960495.863
2202,379666.1228,5960495.863
2203,383666.1228,5960495.863
2204,387666.1228,5960495.863
2205,391666.1228,5960495.863
2206,395666.1228,5960495.863
2207,399666.1228,5960495.863
2208,403666.1228,5960495.863
2209,407666.1228,5960495.863
2210,411666.1228,5960495.863
2211,415666.1228,5960495.863
2212,419666.1228,5960495.863
2213,423666.1228,5960495.863
2214,427666.1228,5960495.863
2215,431666.1228,5960495.863
2216,435666.1228,5960495.863
2217,439666.1228,5960495.863
2218,443666.1228,5960495.863
2219,447666.1228,5960495.863
2220,451666.1228,5960495.863
2244,267666.1228,5956495.863
2245,271666.1228,5956495.863
2246,275666.1228,5956495.863
2247,279666.1228,5956495.863
2248,283666.1228,5956495.863
2249,287666.1228,5956495.863
2250,291666.1228,5956495.863
2251,295666.1228,5956495.863
2252,299666.1228,5956495.863
2253,303666.1228,5956495.863
2254,307666.1228,5956495.863
2255,311666.1228,5956495.863
2256,315666.1228,5956495.863
2257,319666.1228,5956495.863
2258,323666.1228,5956495.863
2259,327666.1228,5956495.863
2260,331666.1228,5956495.863
2261,335666.1228,5956495.863
2262,339666.1228,5956495.863
2263,343666.1228,5956495.863
2264,347666.1228,5956495.863
2265,351666.1228,5956495.863
2266,355666.1228,5956495.863
2267,359666.1228,5956495.863
2268,363666.1228,5956495.863
2269,367666.1228,5956495.863
2270,371666.1228,5956495.863
2271,375666.1228,5956495.863
2272,379666.1228,5956495.863
2273,383666.1228,5956495.863
2274,387666.1228,5956495.863
2275,391666.1228,5956495.863
2276,395666.1228,5956495.863
2277,399666.1228,5956495.863
2278,403666.1228,5956495.863
2279,407666.1228,5956495.863
2280,411666.1228,5956495.863
2281,415666.1228,5956495.863
2282,419666.1228,5956495.863
2283,423666.1228,5956495.863
2284,427666.1228,5956495.863
2285,431666.1228,5956495.863
2286,435666.1228,5956495.863
2287,439666.1228,5956495.863
2288,443666.1228,5956495.863
2289,447666.1228,5956495.863
2290,451666.1228,5956495.863
2315,271666.1228,5952495.863
2316,275666.1228,5952495.863
2317,279666.1228,5952495.863
2318,283666.1228,5952495.863
2319,287666.1228,5952495.863
2320,291666.1228,5952495.863
2321,295666.1228,5952495.863
2322,299666.1228,5952495.863
2323,303666.1228,5952495.863
2324,307666.1228,5952495.863
2325,311666.1228,5952495.863
2326,315666.1228,5952495.863
2327,319666.1228,5952495.863
2328,323666.1228,5952495.863
2329,327666.1228,5952495.863
2330,331666.1228,5952495.863
2331,335666.1228,5952495.863
2332,339666.1228,5952495.863
2333,343666.1228,5952495.863
2334,347666.1228,5952495.863
2335,351666.1228,5952495.863
2336,355666.1228,5952495.863
2337,359666.1228,5952495.863
2338,363666.1228,5952495.863
2339,367666.1228,5952495.863
2340,371666.1228,5952495.863
2341,375666.1228,5952495.863
2342,379666.1228,5952495.863
2343,383666.1228,5952495.863
2344,387666.1228,5952495.863
2345,391666.1228,5952495.863
2346,395666.1228,5952495.863
2347,399666.1228,5952495.863
2348,403666.1228,5952495.863
2349,407666.1228,5952495.863
2350,411666.1228,5952495.863
2351,415666.1228,5952495.863
2352,419666.1228,5952495.863
2353,423666.1228,5952495.863
2354,427666.1228,5952495.863
2355,431666.1228,5952495.863
2356,435666.1228,5952495.863
2357,439666.1228,5952495.863
2358,443666.1228,5952495.863
2359,447666.1228,5952495.863
2360,451666.1228,5952495.863
2361,455666.1228,5952495.863
2385,271666.1228,5948495.863
2386,275666.1228,5948495.863
2387,279666.1228,5948495.863
2388,283666.1228,5948495.863
2389,287666.1228,5948495.863
2390,291666.1228,5948495.863
2391,295666.1228,5948495.863
2392,299666.1228,5948495.863
2393,303666.1228,5948495.863
2394,307666.1228,5948495.863
2395,311666.1228,5948495.863
2396,315666.1228,5948495.863
2397,319666.1228,5948495.863
2398,323666.1228,5948495.863
2399,327666.1228,5948495.863
2400,331666.1228,5948495.863
2401,335666.1228,5948495.863
2402,339666.1228,5948495.863
2403,343666.1228,5948495.863
2404,347666.1228,5948495.863
2405,351666.1228,5948495.863
2406,355666.1228,5948495.863
2407,359666.1228,5948495.863
2408,363666.1228,5948495.863
2409,367666.1228,5948495.863
2410,371666.1228,5948495.863
2411,375666.1228,5948495.863
2412,379666.1228,5948495.863
2413,383666.1228,5948495.863
2414,387666.1228,5948495.863
2415,391666.1228,5948495.863
2416,395666.1228,5948495.863
2417,399666.1228,5948495.863
2418,403666.1228,5948495.863
2419,407666.1228,5948495.863
2420,411666.1228,5948495.863
2421,415666.1228,5948495.863
2422,419666.1228,5948495.863
2423,423666.1228,5948495.863
2424,427666.1228,5948495.863
2425,431666.1228,5948495.863
2426,435666.1228,5948495.863
2427,439666.1228,5948495.863
2428,443666.1228,5948495.863
2429,447666.1228,5948495.863
2430,451666.1228,5948495.863
2431,455666.1228,5948495.863
2455,271666.1228,5944495.863
2456,275666.1228,5944495.863
2457,279666.1228,5944495.863
2458,283666.1228,5944495.863
2459,287666.1228,5944495.863
2460,291666.1228,5944495.863
2461,295666.1228,5944495.863
2462,299666.1228,5944495.863
2463,303666.1228,5944495.863
2464,307666.1228,5944495.863
2465,311666.1228,5944495.863
2466,315666.1228,5944495.863
2467,319666.1228,5944495.863
2468,323666.1228,5944495.863
2469,327666.1228,5944495.863
2470,331666.1228,5944495.863
2471,335666.1228,5944495.863
2472,339666.1228,5944495.863
2473,343666.1228,5944495.863
2474,347666.1228,5944495.863
2475,351666.1228,5944495.863
2476,355666.1228,5944495.863
2477,359666.1228,5944495.863
2478,363666.1228,5944495.863
2479,367666.1228,5944495.863
2480,371666.1228,5944495.863
2481,375666.1228,5944495.863
2482,379666.1228,5944495.863
2483,383666.1228,5944495.863
2484,387666.1228,5944495.863
2485,391666.1228,5944495.863
2486,395666.1228,5944495.863
2487,399666.1228,5944495.863
2488,403666.1228,5944495.863
2489,407666.1228,5944495.863
2490,411666.1228,5944495.863
2491,415666.1228,5944495.863
2492,419666.1228,5944495.863
2493,423666.1228,5944495.863
2494,427666.1228,5944495.863
2495,431666.1228,5944495.863
2496,435666.1228,5944495.863
2497,439666.1228,5944495.863
2498,443666.1228,5944495.863
2499,447666.1228,5944495.863
2500,451666.1228,5944495.863
2501,455666.1228,5944495.863
2525,271666.1228,5940495.863
2526,275666.1228,5940495.863
2527,279666.1228,5940495.863
2528,283666.1228,5940495.863
2529,287666.1228,5940495.863
2530,291666.1228,5940495.863
2531,295666.1228,5940495.863
2532,299666.1228,5940495.863
2533,303666.1228,5940495.863
2534,307666.1228,5940495.863
2535,311666.1228,5940495.863
2536,315666.1228,5940495.863
2537,319666.1228,5940495.863
2538,323666.1228,5940495.863
2539,327666.1228,5940495.863
2540,331666.1228,5940495.863
2541,335666.1228,5940495.863
2542,339666.1228,5940495.863
2543,343666.1228,5940495.863
2544,347666.1228,5940495.863
2545,351666.1228,5940495.863
2546,355666.1228,5940495.863
2547,359666.1228,5940495.863
2548,363666.1228,5940495.863
2549,367666.1228,5940495.863
2550,371666.1228,5940495.863
2551,375666.1228,5940495.863
2552,379666.1228,5940495.863
2553,383666.1228,5940495.863
2554,387666.1228,5940495.863
2555,391666.1228,5940495.863
2556,395666.1228,5940495.863
2557,399666.1228,5940495.863
2558,403666.1228,5940495.863
2559,407666.1228,5940495.863
2560,411666.1228,5940495.863
2561,415666.1228,5940495.863
2562,419666.1228,5940495.863
2563,423666.1228,5940495.863
2564,427666.1228,5940495.863
2565,431666.1228,5940495.863
2566,435666.1228,5940495.863
2567,439666.1228,5940495.863
2568,443666.1228,5940495.863
2569,447666.1228,5940495.863
2570,451666.1228,5940495.863
2571,455666.1228,5940495.863
2572,459666.1228,5940495.863
2574,467666.1228,5940495.863
2575,471666.1228,5940495.863
2576,475666.1228,5940495.863
2577,479666.1228,5940495.863
2578,483666.1228,5940495.863
2579,487666.1228,5940495.863
2595,271666.1228,5936495.863
2596,275666.1228,5936495.863
2597,279666.1228,5936495.863
2598,283666.1228,5936495.863
2599,287666.1228,5936495.863
2600,291666.1228,5936495.863
2601,295666.1228,5936495.863
2602,299666.1228,5936495.863
2603,303666.1228,5936495.863
2604,307666.1228,5936495.863
2605,311666.1228,5936495.863
2606,315666.1228,5936495.863
2607,319666.1228,5936495.863
2608,323666.1228,5936495.863
2609,327666.1228,5936495.863
2610,331666.1228,5936495.863
2611,335666.1228,5936495.863
2612,339666.1228,5936495.863
2613,343666.1228,5936495.863
2614,347666.1228,5936495.863
2615,351666.1228,5936495.863
2616,355666.1228,5936495.863
2617,359666.1228,5936495.863
2618,363666.1228,5936495.863
2619,367666.1228,5936495.863
2620,371666.1228,5936495.863
2621,375666.1228,5936495.863
2622,379666.1228,5936495.863
2623,383666.1228,5936495.863
2624,387666.1228,5936495.863
2625,391666.1228,5936495.863
2626,395666.1228,5936495.863
2627,399666.1228,5936495.863
2628,403666.1228,5936495.863
2629,407666.1228,5936495.863
2630,411666.1228,5936495.863
2631,415666.1228,5936495.863
2632,419666.1228,5936495.863
2633,423666.1228,5936495.863
2634,427666.1228,5936495.863
2635,431666.1228,5936495.863
2636,435666.1228,5936495.863
2637,439666.1228,5936495.863
2638,443666.1228,5936495.863
2639,447666.1228,5936495.863
2640,451666.1228,5936495.863
2641,455666.1228,5936495.863
2642,459666.1228,5936495.863
2643,463666.1228,5936495.863
2644,467666.1228,5936495.863
2645,471666.1228,5936495.863
2646,475666.1228,5936495.863
2647,479666.1228,5936495.863
2648,483666.1228,5936495.863
2649,487666.1228,5936495.863
2650,491666.1228,5936495.863
2651,495666.1228,5936495.863
2665,271666.1228,5932495.863
2666,275666.1228,5932495.863
2667,279666.1228,5932495.863
2668,283666.1228,5932495.863
2669,287666.1228,5932495.863
2670,291666.1228,5932495.863
2671,295666.1228,5932495.863
2672,299666.1228,5932495.863
2673,303666.1228,5932495.863
2674,307666.1228,5932495.863
2675,311666.1228,5932495.863
2676,315666.1228,5932495.863
2677,319666.1228,5932495.863
2678,323666.1228,5932495.863
2679,327666.1228,5932495.863
2680,331666.1228,5932495.863
2681,335666.1228,5932495.863
2682,339666.1228,5932495.863
2683,343666.1228,5932495.863
2684,347666.1228,5932495.863
2685,351666.1228,5932495.863
2686,355666.1228,5932495.863
2687,359666.1228,5932495.863
2688,363666.1228,5932495.863
2689,367666.1228,5932495.863
2690,371666.1228,5932495.863
2691,375666.1228,5932495.863
2692,379666.1228,5932495.863
2693,383666.1228,5932495.863
2694,387666.1228,5932495.863
2695,391666.1228,5932495.863
2696,395666.1228,5932495.863
2697,399666.1228,5932495.863
2698,403666.1228,5932495.863
2699,407666.1228,5932495.863
2700,411666.1228,5932495.863
2701,415666.1228,5932495.863
2702,419666.1228,5932495.863
2703,423666.1228,5932495.863
2704,427666.1228,5932495.863
2705,431666.1228,5932495.863
2706,435666.1228,5932495.863
2707,439666.1228,5932495.863
2708,443666.1228,5932495.863
2709,447666.1228,5932495.863
2710,451666.1228,5932495.863
2711,455666.1228,5932495.863
2712,459666.1228,5932495.863
2713,463666.1228,5932495.863
2714,467666.1228,5932495.863
2715,471666.1228,5932495.863
2716,475666.1228,5932495.863
2717,479666.1228,5932495.863
2718,483666.1228,5932495.863
2719,487666.1228,5932495.863
2720,491666.1228,5932495.863
2721,495666.1228,5932495.863
2722,499666.1228,5932495.863
2723,503666.1228,5932495.863
2735,271666.1228,5928495.863
2736,275666.1228,5928495.863
2737,279666.1228,5928495.863
2738,283666.1228,5928495.863
2739,287666.1228,5928495.863
2740,291666.1228,5928495.863
2741,295666.1228,5928495.863
2742,299666.1228,5928495.863
2743,303666.1228,5928495.863
2744,307666.1228,5928495.863
2745,311666.1228,5928495.863
2746,315666.1228,5928495.863
2747,319666.1228,5928495.863
2748,323666.1228,5928495.863
2749,327666.1228,5928495.863
2750,331666.1228,5928495.863
2751,335666.1228,5928495.863
2752,339666.1228,5928495.863
2753,343666.1228,5928495.863
2754,347666.1228,5928495.863
2755,351666.1228,5928495.863
2756,355666.1228,5928495.863
2757,359666.1228,5928495.863
2758,363666.1228,5928495.863
2759,367666.1228,5928495.863
2760,371666.1228,5928495.863
2761,375666.1228,5928495.863
2762,379666.1228,5928495.863
2763,383666.1228,5928495.863
2764,387666.1228,5928495.863
2765,391666.1228,5928495.863
2766,395666.1228,5928495.863
2767,399666.1228,5928495.863
2768,403666.1228,5928495.863
2769,407666.1228,5928495.863
2770,411666.1228,5928495.863
2771,415666.1228,5928495.863
2772,419666.1228,5928495.863
2773,423666.1228,5928495.863
2774,427666.1228,5928495.863
2775,431666.1228,5928495.863
2776,435666.1228,5928495.863
2777,439666.1228,5928495.863
2778,443666.1228,5928495.863
2779,447666.1228,5928495.863
2780,451666.1228,5928495.863
2781,455666.1228,5928495.863
2782,459666.1228,5928495.863
2783,463666.1228,5928495.863
2784,467666.1228,5928495.863
2785,471666.1228,5928495.863
2786,475666.1228,5928495.863
2787,479666.1228,5928495.863
2788,483666.1228,5928495.863
2789,487666.1228,5928495.863
2790,491666.1228,5928495.863
2791,495666.1228,5928495.863
2792,499666.1228,5928495.863
2793,503666.1228,5928495.863
2794,507666.1228,5928495.863
2806,275666.1228,5924495.863
2807,279666.1228,5924495.863
2808,283666.1228,5924495.863
2809,287666.1228,5924495.863
2810,291666.1228,5924495.863
2811,295666.1228,5924495.863
2812,299666.1228,5924495.863
2813,303666.1228,5924495.863
2814,307666.1228,5924495.863
2815,311666.1228,5924495.863
2816,315666.1228,5924495.863
2817,319666.1228,5924495.863
2818,323666.1228,5924495.863
2819,327666.1228,5924495.863
2820,331666.1228,5924495.863
2821,335666.1228,5924495.863
2822,339666.1228,5924495.863
2823,343666.1228,5924495.863
2824,347666.1228,5924495.863
2825,351666.1228,5924495.863
2826,355666.1228,5924495.863
2827,359666.1228,5924495.863
2828,363666.1228,5924495.863
2829,367666.1228,5924495.863
2830,371666.1228,5924495.863
2831,375666.1228,5924495.863
2832,379666.1228,5924495.863
2833,383666.1228,5924495.863
2834,387666.1228,5924495.863
2835,391666.1228,5924495.863
2836,395666.1228,5924495.863
2837,399666.1228,5924495.863
2838,403666.1228,5924495.863
2839,407666.1228,5924495.863
2840,411666.1228,5924495.863
2841,415666.1228,5924495.863
2842,419666.1228,5924495.863
2843,423666.1228,5924495.863
2844,427666.1228,5924495.863
2845,431666.1228,5924495.863
2846,435666.1228,5924495.863
2847,439666.1228,5924495.863
2848,443666.1228,5924495.863
2849,447666.1228,5924495.863
2850,451666.1228,5924495.863
2851,455666.1228,5924495.863
2852,459666.1228,5924495.863
2853,463666.1228,5924495.863
2854,467666.1228,5924495.863
2855,471666.1228,5924495.863
2856,475666.1228,5924495.863
2857,479666.1228,5924495.863
2858,483666.1228,5924495.863
2859,487666.1228,5924495.863
2860,491666.1228,5924495.863
2861,495666.1228,5924495.863
2862,499666.1228,5924495.863
2863,503666.1228,5924495.863
2864,507666.1228,5924495.863
2865,511666.1228,5924495.863
2876,275666.1228,5920495.863
2877,279666.1228,5920495.863
2878,283666.1228,5920495.863
2879,287666.1228,5920495.863
2880,291666.1228,5920495.863
2881,295666.1228,5920495.863
2882,299666.1228,5920495.863
2883,303666.1228,5920495.863
2884,307666.1228,5920495.863
2885,311666.1228,5920495.863
2886,315666.1228,5920495.863
2887,319666.1228,5920495.863
2888,323666.1228,5920495.863
2889,327666.1228,5920495.863
2890,331666.1228,5920495.863
2891,335666.1228,5920495.863
2892,339666.1228,5920495.863
2893,343666.1228,5920495.863
2894,347666.1228,5920495.863
2895,351666.1228,5920495.863
2896,355666.1228,5920495.863
2897,359666.1228,5920495.863
2898,363666.1228,5920495.863
2899,367666.1228,5920495.863
2900,371666.1228,5920495.863
2901,375666.1228,5920495.863
2902,379666.1228,5920495.863
2903,383666.1228,5920495.863
2904,387666.1228,5920495.863
2905,391666.1228,5920495.863
2906,395666.1228,5920495.863
2907,399666.1228,5920495.863
2908,403666.1228,5920495.863
2909,407666.1228,5920495.863
2910,411666.1228,5920495.863
2911,415666.1228,5920495.863
2912,419666.1228,5920495.863
2913,423666.1228,5920495.863
2914,427666.1228,5920495.863
2915,431666.1228,5920495.863
2916,435666.1228,5920495.863
2917,439666.1228,5920495.863
2918,443666.1228,5920495.863
2919,447666.1228,5920495.863
2920,451666.1228,5920495.863
2921,455666.1228,5920495.863
2922,459666.1228,5920495.863
2923,463666.1228,5920495.863
2924,467666.1228,5920495.863
2925,471666.1228,5920495.863
2926,475666.1228,5920495.863
2927,479666.1228,5920495.863
2928,483666.1228,5920495.863
2929,487666.1228,5920495.863
2930,491666.1228,5920495.863
2931,495666.1228,5920495.863
2932,499666.1228,5920495.863
2933,503666.1228,5920495.863
2934,507666.1228,5920495.863
2935,511666.1228,5920495.863
2947,279666.1228,5916495.863
2948,283666.1228,5916495.863
2949,287666.1228,5916495.863
2950,291666.1228,5916495.863
2951,295666.1228,5916495.863
2952,299666.1228,5916495.863
2953,303666.1228,5916495.863
2954,307666.1228,5916495.863
2955,311666.1228,5916495.863
2956,315666.1228,5916495.863
2957,319666.1228,5916495.863
2958,323666.1228,5916495.863
2959,327666.1228,5916495.863
2960,331666.1228,5916495.863
2961,335666.1228,5916495.863
2962,339666.1228,5916495.863
2963,343666.1228,5916495.863
2964,347666.1228,5916495.863
2965,351666.1228,5916495.863
2966,355666.1228,5916495.863
2967,359666.1228,5916495.863
2968,363666.1228,5916495.863
2969,367666.1228,5916495.863
2970,371666.1228,5916495.863
2971,375666.1228,5916495.863
2972,379666.1228,5916495.863
2973,383666.1228,5916495.863
2974,387666.1228,5916495.863
2975,391666.1228,5916495.863
2976,395666.1228,5916495.863
2977,399666.1228,5916495.863
2978,403666.1228,5916495.863
2979,407666.1228,5916495.863
2980,411666.1228,5916495.863
2981,415666.1228,5916495.863
2982,419666.1228,5916495.863
2983,423666.1228,5916495.863
2984,427666.1228,5916495.863
2985,431666.1228,5916495.863
2986,435666.1228,5916495.863
2987,439666.1228,5916495.863
2988,443666.1228,5916495.863
2989,447666.1228,5916495.863
2990,451666.1228,5916495.863
2991,455666.1228,5916495.863
2992,459666.1228,5916495.863
2993,463666.1228,5916495.863
2994,467666.1228,5916495.863
2995,471666.1228,5916495.863
2996,475666.1228,5916495.863
2997,479666.1228,5916495.863
2998,483666.1228,5916495.863
2999,487666.1228,5916495.863
3000,491666.1228,5916495.863
3001,495666.1228,5916495.863
3002,499666.1228,5916495.863
3003,503666.1228,5916495.863
3004,507666.1228,5916495.863
3005,511666.1228,5916495.863
3006,515666.1228,5916495.863
3018,283666.1228,5912495.863
3019,287666.1228,5912495.863
3020,291666.1228,5912495.863
3021,295666.1228,5912495.863
3022,299666.1228,5912495.863
3023,303666.1228,5912495.863
3024,307666.1228,5912495.863
3025,311666.1228,5912495.863
3026,315666.1228,5912495.863
3027,319666.1228,5912495.863
3028,323666.1228,5912495.863
3029,327666.1228,5912495.863
3030,331666.1228,5912495.863
3031,335666.1228,5912495.863
3032,339666.1228,5912495.863
3033,343666.1228,5912495.863
3034,347666.1228,5912495.863
3035,351666.1228,5912495.863
3036,355666.1228,5912495.863
3037,359666.1228,5912495.863
3038,363666.1228,5912495.863
3039,367666.1228,5912495.863
3040,371666.1228,5912495.863
3041,375666.1228,5912495.863
3042,379666.1228,5912495.863
3043,383666.1228,5912495.863
3044,387666.1228,5912495.863
3045,391666.1228,5912495.863
3046,395666.1228,5912495.863
3047,399666.1228,5912495.863
3048,403666.1228,5912495.863
3049,407666.1228,5912495.863
3050,411666.1228,5912495.863
3051,415666.1228,5912495.863
3052,419666.1228,5912495.863
3053,423666.1228,5912495.863
3054,427666.1228,5912495.863
3055,431666.1228,5912495.863
3056,435666.1228,5912495.863
3057,439666.1228,5912495.863
3058,443666.1228,5912495.863
3059,447666.1228,5912495.863
3060,451666.1228,5912495.863
3061,455666.1228,5912495.863
3062,459666.1228,5912495.863
3063,463666.1228,5912495.863
3064,467666.1228,5912495.863
3065,471666.1228,5912495.863
3066,475666.1228,5912495.863
3067,479666.1228,5912495.863
3068,483666.1228,5912495.863
3069,487666.1228,5912495.863
3070,491666.1228,5912495.863
3071,495666.1228,5912495.863
3072,499666.1228,5912495.863
3073,503666.1228,5912495.863
3074,507666.1228,5912495.863
3075,511666.1228,5912495.863
3076,515666.1228,5912495.863
3089,287666.1228,5908495.863
3090,291666.1228,5908495.863
3091,295666.1228,5908495.863
3092,299666.1228,5908495.863
3093,303666.1228,5908495.863
3094,307666.1228,5908495.863
3095,311666.1228,5908495.863
3096,315666.1228,5908495.863
3097,319666.1228,5908495.863
3098,323666.1228,5908495.863
3099,327666.1228,5908495.863
3100,331666.1228,5908495.863
3101,335666.1228,5908495.863
3102,339666.1228,5908495.863
3103,343666.1228,5908495.863
3104,347666.1228,5908495.863
3105,351666.1228,5908495.863
3106,355666.1228,5908495.863
3107,359666.1228,5908495.863
3108,363666.1228,5908495.863
3109,367666.1228,5908495.863
3110,371666.1228,5908495.863
3111,375666.1228,5908495.863
3112,379666.1228,5908495.863
3113,383666.1228,5908495.863
3114,387666.1228,5908495.863
3115,391666.1228,5908495.863
3116,395666.1228,5908495.863
3117,399666.1228,5908495.863
3118,403666.1228,5908495.863
3119,407666.1228,5908495.863
3120,411666.1228,5908495.863
3121,415666.1228,5908495.863
3122,419666.1228,5908495.863
3123,423666.1228,5908495.863
3124,427666.1228,5908495.863
3125,431666.1228,5908495.863
3126,435666.1228,5908495.863
3127,439666.1228,5908495.863
3128,443666.1228,5908495.863
3129,447666.1228,5908495.863
3130,451666.1228,5908495.863
3131,455666.1228,5908495.863
3132,459666.1228,5908495.863
3133,463666.1228,5908495.863
3134,467666.1228,5908495.863
3135,471666.1228,5908495.863
3136,475666.1228,5908495.863
3137,479666.1228,5908495.863
3138,483666.1228,5908495.863
3139,487666.1228,5908495.863
3140,491666.1228,5908495.863
3141,495666.1228,5908495.863
3142,499666.1228,5908495.863
3143,503666.1228,5908495.863
3144,507666.1228,5908495.863
3145,511666.1228,5908495.863
3146,515666.1228,5908495.863
3160,291666.1228,5904495.863
3161,295666.1228,5904495.863
3162,299666.1228,5904495.863
3163,303666.1228,5904495.863
3164,307666.1228,5904495.863
3165,311666.1228,5904495.863
3166,315666.1228,5904495.863
3167,319666.1228,5904495.863
3168,323666.1228,5904495.863
3169,327666.1228,5904495.863
3170,331666.1228,5904495.863
3171,335666.1228,5904495.863
3172,339666.1228,5904495.863
3173,343666.1228,5904495.863
3174,347666.1228,5904495.863
3175,351666.1228,5904495.863
3176,355666.1228,5904495.863
3177,359666.1228,5904495.863
3178,363666.1228,5904495.863
3179,367666.1228,5904495.863
3180,371666.1228,5904495.863
3181,375666.1228,5904495.863
3182,379666.1228,5904495.863
3183,383666.1228,5904495.863
3184,387666.1228,5904495.863
3185,391666.1228,5904495.863
3186,395666.1228,5904495.863
3187,399666.1228,5904495.863
3188,403666.1228,5904495.863
3189,407666.1228,5904495.863
3190,411666.1228,5904495.863
3191,415666.1228,5904495.863
3192,419666.1228,5904495.863
3193,423666.1228,5904495.863
3194,427666.1228,5904495.863
3195,431666.1228,5904495.863
3196,435666.1228,5904495.863
3197,439666.1228,5904495.863
3198,443666.1228,5904495.863
3199,447666.1228,5904495.863
3200,451666.1228,5904495.863
3201,455666.1228,5904495.863
3202,459666.1228,5904495.863
3203,463666.1228,5904495.863
3204,467666.1228,5904495.863
3205,471666.1228,5904495.863
3206,475666.1228,5904495.863
3207,479666.1228,5904495.863
3208,483666.1228,5904495.863
3209,487666.1228,5904495.863
3210,491666.1228,5904495.863
3211,495666.1228,5904495.863
3212,499666.1228,5904495.863
3213,503666.1228,5904495.863
3214,507666.1228,5904495.863
3215,511666.1228,5904495.863
3216,515666.1228,5904495.863
3232,299666.1228,5900495.863
3233,303666.1228,5900495.863
3234,307666.1228,5900495.863
3235,311666.1228,5900495.863
3236,315666.1228,5900495.863
3237,319666.1228,5900495.863
3238,323666.1228,5900495.863
3239,327666.1228,5900495.863
3240,331666.1228,5900495.863
3241,335666.1228,5900495.863
3242,339666.1228,5900495.863
3243,343666.1228,5900495.863
3244,347666.1228,5900495.863
3245,351666.1228,5900495.863
3246,355666.1228,5900495.863
3247,359666.1228,5900495.863
3248,363666.1228,5900495.863
3249,367666.1228,5900495.863
3250,371666.1228,5900495.863
3251,375666.1228,5900495.863
3252,379666.1228,5900495.863
3253,383666.1228,5900495.863
3254,387666.1228,5900495.863
3255,391666.1228,5900495.863
3256,395666.1228,5900495.863
3257,399666.1228,5900495.863
3258,403666.1228,5900495.863
3259,407666.1228,5900495.863
3260,411666.1228,5900495.863
3261,415666.1228,5900495.863
3262,419666.1228,5900495.863
3263,423666.1228,5900495.863
3264,427666.1228,5900495.863
3265,431666.1228,5900495.863
3266,435666.1228,5900495.863
3267,439666.1228,5900495.863
3268,443666.1228,5900495.863
3269,447666.1228,5900495.863
3270,451666.1228,5900495.863
3271,455666.1228,5900495.863
3272,459666.1228,5900495.863
3273,463666.1228,5900495.863
3274,467666.1228,5900495.863
3275,471666.1228,5900495.863
3276,475666.1228,5900495.863
3277,479666.1228,5900495.863
3278,483666.1228,5900495.863
3279,487666.1228,5900495.863
3280,491666.1228,5900495.863
3281,495666.1228,5900495.863
3282,499666.1228,5900495.863
3283,503666.1228,5900495.863
3284,507666.1228,5900495.863
3285,511666.1228,5900495.863
3286,515666.1228,5900495.863
3303,303666.1228,5896495.863
3304,307666.1228,5896495.863
3305,311666.1228,5896495.863
3306,315666.1228,5896495.863
3307,319666.1228,5896495.863
3308,323666.1228,5896495.863
3309,327666.1228,5896495.863
3310,331666.1228,5896495.863
3311,335666.1228,5896495.863
3312,339666.1228,5896495.863
3313,343666.1228,5896495.863
3314,347666.1228,5896495.863
3315,351666.1228,5896495.863
3316,355666.1228,5896495.863
3317,359666.1228,5896495.863
3318,363666.1228,5896495.863
3319,367666.1228,5896495.863
3320,371666.1228,5896495.863
3321,375666.1228,5896495.863
3322,379666.1228,5896495.863
3323,383666.1228,5896495.863
3324,387666.1228,5896495.863
3325,391666.1228,5896495.863
3326,395666.1228,5896495.863
3327,399666.1228,5896495.863
3328,403666.1228,5896495.863
3329,407666.1228,5896495.863
3330,411666.1228,5896495.863
3331,415666.1228,5896495.863
3332,419666.1228,5896495.863
3333,423666.1228,5896495.863
3334,427666.1228,5896495.863
3335,431666.1228,5896495.863
3336,435666.1228,5896495.863
3337,439666.1228,5896495.863
3338,443666.1228,5896495.863
3339,447666.1228,5896495.863
3340,451666.1228,5896495.863
3341,455666.1228,5896495.863
3342,459666.1228,5896495.863
3343,463666.1228,5896495.863
3344,467666.1228,5896495.863
3345,471666.1228,5896495.863
3346,475666.1228,5896495.863
3347,479666.1228,5896495.863
3348,483666.1228,5896495.863
3349,487666.1228,5896495.863
3350,491666.1228,5896495.863
3351,495666.1228,5896495.863
3352,499666.1228,5896495.863
3353,503666.1228,5896495.863
3354,507666.1228,5896495.863
3355,511666.1228,5896495.863
3356,515666.1228,5896495.863
3377,319666.1228,5892495.863
3380,331666.1228,5892495.863
3381,335666.1228,5892495.863
3382,339666.1228,5892495.863
3383,343666.1228,5892495.863
3384,347666.1228,5892495.863
3385,351666.1228,5892495.863
3386,355666.1228,5892495.863
3387,359666.1228,5892495.863
3388,363666.1228,5892495.863
3389,367666.1228,5892495.863
3390,371666.1228,5892495.863
3391,375666.1228,5892495.863
3392,379666.1228,5892495.863
3393,383666.1228,5892495.863
3394,387666.1228,5892495.863
3395,391666.1228,5892495.863
3396,395666.1228,5892495.863
3397,399666.1228,5892495.863
3398,403666.1228,5892495.863
3399,407666.1228,5892495.863
3400,411666.1228,5892495.863
3401,415666.1228,5892495.863
3402,419666.1228,5892495.863
3405,431666.1228,5892495.863
3406,435666.1228,5892495.863
3407,439666.1228,5892495.863
3408,443666.1228,5892495.863
3409,447666.1228,5892495.863
3410,451666.1228,5892495.863
3411,455666.1228,5892495.863
3412,459666.1228,5892495.863
3413,463666.1228,5892495.863
3414,467666.1228,5892495.863
3415,471666.1228,5892495.863
3416,475666.1228,5892495.863
3417,479666.1228,5892495.863
3418,483666.1228,5892495.863
3419,487666.1228,5892495.863
3420,491666.1228,5892495.863
3421,495666.1228,5892495.863
3422,499666.1228,5892495.863
3423,503666.1228,5892495.863
3424,507666.1228,5892495.863
3425,511666.1228,5892495.863
3426,515666.1228,5892495.863
3427,519666.1228,5892495.863
3455,351666.1228,5888495.863
3456,355666.1228,5888495.863
3457,359666.1228,5888495.863
3458,363666.1228,5888495.863
3459,367666.1228,5888495.863
3462,379666.1228,5888495.863
3463,383666.1228,5888495.863
3464,387666.1228,5888495.863
3465,391666.1228,5888495.863
3466,395666.1228,5888495.863
3467,399666.1228,5888495.863
3468,403666.1228,5888495.863
3469,407666.1228,5888495.863
3475,431666.1228,5888495.863
3476,435666.1228,5888495.863
3477,439666.1228,5888495.863
3478,443666.1228,5888495.863
3479,447666.1228,5888495.863
3480,451666.1228,5888495.863
3481,455666.1228,5888495.863
3482,459666.1228,5888495.863
3483,463666.1228,5888495.863
3484,467666.1228,5888495.863
3485,471666.1228,5888495.863
3486,475666.1228,5888495.863
3487,479666.1228,5888495.863
3488,483666.1228,5888495.863
3489,487666.1228,5888495.863
3490,491666.1228,5888495.863
3491,495666.1228,5888495.863
3492,499666.1228,5888495.863
3493,503666.1228,5888495.863
3494,507666.1228,5888495.863
3495,511666.1228,5888495.863
3496,515666.1228,5888495.863
3545,431666.1228,5884495.863
3546,435666.1228,5884495.863
3547,439666.1228,5884495.863
3548,443666.1228,5884495.863
3549,447666.1228,5884495.863
3550,451666.1228,5884495.863
3551,455666.1228,5884495.863
3552,459666.1228,5884495.863
3553,463666.1228,5884495.863
3554,467666.1228,5884495.863
3555,471666.1228,5884495.863
3556,475666.1228,5884495.863
3557,479666.1228,5884495.863
3558,483666.1228,5884495.863
3559,487666.1228,5884495.863
3560,491666.1228,5884495.863
3561,495666.1228,5884495.863
3562,499666.1228,5884495.863
3563,503666.1228,5884495.863
3564,507666.1228,5884495.863
3565,511666.1228,5884495.863
3566,515666.1228,5884495.863
3615,431666.1228,5880495.863
3616,435666.1228,5880495.863
3617,439666.1228,5880495.863
3618,443666.1228,5880495.863
3619,447666.1228,5880495.863
3620,451666.1228,5880495.863
3621,455666.1228,5880495.863
3622,459666.1228,5880495.863
3623,463666.1228,5880495.863
3624,467666.1228,5880495.863
3625,471666.1228,5880495.863
3626,475666.1228,5880495.863
3627,479666.1228,5880495.863
3628,483666.1228,5880495.863
3629,487666.1228,5880495.863
3630,491666.1228,5880495.863
3631,495666.1228,5880495.863
3632,499666.1228,5880495.863
3633,503666.1228,5880495.863
3634,507666.1228,5880495.863
3635,511666.1228,5880495.863
3636,515666.1228,5880495.863
3686,435666.1228,5876495.863
3687,439666.1228,5876495.863
3688,443666.1228,5876495.863
3689,447666.1228,5876495.863
3690,451666.1228,5876495.863
3691,455666.1228,5876495.863
3692,459666.1228,5876495.863
3693,463666.1228,5876495.863
3694,467666.1228,5876495.863
3695,471666.1228,5876495.863
3696,475666.1228,5876495.863
3697,479666.1228,5876495.863
3698,483666.1228,5876495.863
3699,487666.1228,5876495.863
3700,491666.1228,5876495.863
3701,495666.1228,5876495.863
3702,499666.1228,5876495.863
3703,503666.1228,5876495.863
3704,507666.1228,5876495.863
3705,511666.1228,5876495.863
3706,515666.1228,5876495.863
3756,435666.1228,5872495.863
3757,439666.1228,5872495.863
3758,443666.1228,5872495.863
3759,447666.1228,5872495.863
3760,451666.1228,5872495.863
3761,455666.1228,5872495.863
3762,459666.1228,5872495.863
3763,463666.1228,5872495.863
3764,467666.1228,5872495.863
3765,471666.1228,5872495.863
3766,475666.1228,5872495.863
3767,479666.1228,5872495.863
3768,483666.1228,5872495.863
3769,487666.1228,5872495.863
3770,491666.1228,5872495.863
3771,495666.1228,5872495.863
3772,499666.1228,5872495.863
3773,503666.1228,5872495.863
3774,507666.1228,5872495.863
3775,511666.1228,5872495.863
3827,439666.1228,5868495.863
3828,443666.1228,5868495.863
3829,447666.1228,5868495.863
3830,451666.1228,5868495.863
3831,455666.1228,5868495.863
3832,459666.1228,5868495.863
3833,463666.1228,5868495.863
3834,467666.1228,5868495.863
3835,471666.1228,5868495.863
3836,475666.1228,5868495.863
3837,479666.1228,5868495.863
3838,483666.1228,5868495.863
3839,487666.1228,5868495.863
3840,491666.1228,5868495.863
3841,495666.1228,5868495.863
3842,499666.1228,5868495.863
3843,503666.1228,5868495.863
3844,507666.1228,5868495.863
3845,511666.1228,5868495.863
3898,443666.1228,5864495.863
3899,447666.1228,5864495.863
3900,451666.1228,5864495.863
3901,455666.1228,5864495.863
3902,459666.1228,5864495.863
3903,463666.1228,5864495.863
3904,467666.1228,5864495.863
3905,471666.1228,5864495.863
3906,475666.1228,5864495.863
3907,479666.1228,5864495.863
3908,483666.1228,5864495.863
3909,487666.1228,5864495.863
3910,491666.1228,5864495.863
3911,495666.1228,5864495.863
3912,499666.1228,5864495.863
3913,503666.1228,5864495.863
3914,507666.1228,5864495.863
3970,451666.1228,5860495.863
3971,455666.1228,5860495.863
3972,459666.1228,5860495.863
3973,463666.1228,5860495.863
3974,467666.1228,5860495.863
3975,471666.1228,5860495.863
3976,475666.1228,5860495.863
3977,479666.1228,5860495.863
3978,483666.1228,5860495.863
3979,487666.1228,5860495.863
3980,491666.1228,5860495.863
3981,495666.1228,5860495.863
3982,499666.1228,5860495.863
3983,503666.1228,5860495.863
4041,455666.1228,5856495.863
4042,459666.1228,5856495.863
4043,463666.1228,5856495.863
4044,467666.1228,5856495.863
4045,471666.1228,5856495.863
4046,475666.1228,5856495.863
4047,479666.1228,5856495.863
4048,483666.1228,5856495.863
4049,487666.1228,5856495.863
4050,491666.1228,5856495.863
4051,495666.1228,5856495.863
4052,499666.1228,5856495.863
4113,463666.1228,5852495.863
4114,467666.1228,5852495.863
4115,471666.1228,5852495.863
4116,475666.1228,5852495.863
4117,479666.1228,5852495.863
4118,483666.1228,5852495.863
4119,487666.1228,5852495.863
4120,491666.1228,5852495.863
